          <compass>
                 <active>0</active>
                 <display>Compass</display>
                 <myc>CUJ202314</myc>
                 <base>compass_sport_4x4</base>
                 <mpg>compass_high_altitude_4x4</mpg>
                 <trims>sport</trims>
                 <trims>latitude</trims>
                 <trims>latitude_lux</trims>
                 <trims>trailhawk</trims>
                 <trims>altitude</trims>
                 <trims>red</trims>
                 <trims>high_altitude</trims>
                 <trims>limited</trims>
                 <models>
                     <compass_sport_4x4>
                         <ccode>CUJ202314MPJL74A</ccode>
                         <active>1</active>
                         <display>COMPASS SPORT 4X4</display>
                         <image_src>client=</image_src>
                         <trim>sport</trim>
                         <trim_display>Sport</trim_display>
                         <msrp>25900</msrp>
                         <variation_id>0</variation_id>
                         <drive>4x4</drive>
                         <llp>2DA</llp>
                         <mpg>
                             <hwy>32</hwy>
                             <city>24</city>
                             <disclaimer></disclaimer>
                         </mpg>
                     </compass_sport_4x4>
                     <compass_latitude_4x4>
                         <ccode>CUJ202314MPJM74A</ccode>
                         <active>1</active>
                         <display>COMPASS LATITUDE 4X4</display>
                         <image_src>client=fcausandmarket=Uandbrand=Jandvehicle=2023_MPandpaint=PBJandfabric=X9andsa=MPJM74,2DJ,29J</image_src>
                         <trim>latitude</trim>
                         <trim_display>Latitude</trim_display>
                         <msrp>30765</msrp>
                         <variation_id>0</variation_id>
                         <drive>4x4</drive>
                         <llp>2DJ</llp>
                         <mpg>
                             <hwy>32</hwy>
                             <city>24</city>
                             <disclaimer></disclaimer>
                         </mpg>
                     </compass_latitude_4x4>
                     <compass_latitude_lux_4x4>
                         <ccode>CUJ202314MPJE74B</ccode>
                         <active>1</active>
                         <display>COMPASS LATITUDE LUX 4X4</display>
                         <image_src>client=fcausandmarket=Uandbrand=Jandvehicle=2023_MPandpaint=PXJandfabric=X9andsa=MPJE74,2DL,29L</image_src>
                         <trim>latitude_lux</trim>
                         <trim_display>Latitude Lux</trim_display>
                         <msrp>32490</msrp>
                         <variation_id>0</variation_id>
                         <drive>4x4</drive>
                         <llp>2DL</llp>
                         <mpg>
                             <hwy>32</hwy>
                             <city>24</city>
                             <disclaimer></disclaimer>
                         </mpg>
                     </compass_latitude_lux_4x4>
                     <compass_altitude_4x4>
                         <ccode>CUJ202314MPJM74B</ccode>
                         <active>1</active>
                         <display>COMPASS ALTITUDE 4X4</display>
                         <image_src>client=fcausandmarket=Uandbrand=Jandvehicle=2023_MPandpaint=PAUandfabric=X9andsa=MPJM74,2DB,29B</image_src>
                         <trim>altitude</trim>
                         <trim_display>Altitude</trim_display>
                         <msrp>32660</msrp>
                         <variation_id>0</variation_id>
                         <drive>4x4</drive>
                         <llp>2DB</llp>
                         <mpg>
                             <hwy>32</hwy>
                             <city>24</city>
                             <disclaimer></disclaimer>
                         </mpg>
                     </compass_altitude_4x4>
                     <compass_limited_4x4>
                         <ccode>CUJ202314MPJP74A</ccode>
                         <active>1</active>
                         <display>COMPASS LIMITED 4X4</display>
                         <image_src>client=fcausandmarket=Uandbrand=Jandvehicle=2023_MPandpaint=PRVandfabric=X9andsa=MPJP74,2DG,29G</image_src>
                         <trim>limited</trim>
                         <trim_display>Limited</trim_display>
                         <msrp>33745</msrp>
                         <variation_id>0</variation_id>
                         <drive>4x4</drive>
                         <llp>2DG</llp>
                         <mpg>
                             <hwy>32</hwy>
                             <city>24</city>
                             <disclaimer></disclaimer>
                         </mpg>
                     </compass_limited_4x4>
                     <compass_trailhawk_4x4>
                         <ccode>CUJ202314MPJH74A</ccode>
                         <active>1</active>
                         <display>COMPASS TRAILHAWK 4X4</display>
                         <image_src>client=fcausandmarket=Uandbrand=Jandvehicle=2023_MPandpaint=PDNandfabric=XCandsa=MPJH74,2DE,29E</image_src>
                         <trim>trailhawk</trim>
                         <trim_display>Trailhawk</trim_display>
                         <msrp>34490</msrp>
                         <variation_id>0</variation_id>
                         <drive>4x4</drive>
                         <llp>2DE</llp>
                         <mpg>
                             <hwy>32</hwy>
                             <city>24</city>
                             <disclaimer></disclaimer>
                         </mpg>
                     </compass_trailhawk_4x4>
                     <compass_red_4x4>
                         <ccode>CUJ202314MPJP74B</ccode>
                         <active>1</active>
                         <display>COMPASS (RED) 4X4</display>
                         <image_src>client=fcausandmarket=Uandbrand=Jandvehicle=2023_MPandpaint=PRMandfabric=X9andsa=MPJP74,2DR,29R</image_src>
                         <trim>red</trim>
                         <trim_display>(RED)</trim_display>
                         <msrp>39490</msrp>
                         <variation_id>0</variation_id>
                         <drive>4x4</drive>
                         <llp>2DR</llp>
                         <mpg>
                             <hwy>32</hwy>
                             <city>24</city>
                             <disclaimer></disclaimer>
                         </mpg>
                     </compass_red_4x4>
                     <compass_high_altitude_4x4>
                         <ccode>CUJ202314MPJP74C</ccode>
                         <active>1</active>
                         <display>COMPASS HIGH ALTITUDE 4X4</display>
                         <image_src>client=fcausandmarket=Uandbrand=Jandvehicle=2023_MPandpaint=PSCandfabric=X9andsa=MPJP74,2DF,29F</image_src>
                         <trim>high_altitude</trim>
                         <trim_display>High Altitude</trim_display>
                         <msrp>40330</msrp>
                         <variation_id>0</variation_id>
                         <drive>4x4</drive>
                         <llp>2DF</llp>
                         <mpg>
                             <hwy>32</hwy>
                             <city>24</city>
                             <disclaimer></disclaimer>
                         </mpg>
                     </compass_high_altitude_4x4>
                 </models>
                 <drives>
                     <id>0</id>
                     <name>4x4</name>
                 </drives>
             </compass>
   