<wagoneer>
                 <active>1</active>
                 <display>Wagoneer</display>
                 <myc>CUJ202315</myc>
                 <base>wagoneer_4x2</base>
                 <mpg>wagoneer_l_4x2</mpg>
                 <trims>series_ii</trims>
                 <trims>wagoneer</trims>
                 <trims>series_iii</trims>
                 <trims>carbide</trims>
                 <models>
                     <wagoneer_4x2>
                         <ccode>CUJ202315WSTM75A</ccode>
                         <active>1</active>
                         <display>Wagoneer 4X2</display>
                         <image>wagoneer1.avif</image>
                         <image_src>client=fcau</image_src>
                         <trim>wagoneer</trim>
                         <trim_display>Wagoneer</trim_display>
                         <msrp>61595</msrp>
                         <variation_id>0</variation_id>
                         <drive>4x2</drive>
                         <llp>2TE</llp>
                         <mpg>
                             <hwy>22</hwy>
                             <city>16</city>
                             <disclaimer></disclaimer>
                         </mpg>
                     </wagoneer_4x2>
                     <wagoneer_4x4>
                         <ccode>CUJ202315WSJM75A</ccode>
                         <active>1</active>
                         <display>Wagoneer 4X4</display>
                         <image_src>client=fcaus</image_src>
                         <image>wagoneer2.avif</image>
                         <trim>wagoneer</trim>
                         <trim_display>Wagoneer</trim_display>
                         <msrp>64595</msrp>
                         <variation_id>1</variation_id>
                         <drive>4x4</drive>
                         <llp>2TE</llp>
                         <mpg>
                             <hwy>20</hwy>
                             <city>15</city>
                             <disclaimer></disclaimer>
                         </mpg>
                     </wagoneer_4x4>
                     <wagoneer_l_4x2>
                         <ccode>CUJ202315WSTM76A</ccode>
                         <active>1</active>
                         <display>Wagoneer L 4X2</display>
                         <image>wagoneer3.avif</image>
                         <image_src>client=fcausE</image_src>
                         <trim>wagoneer</trim>
                         <trim_display>Wagoneer</trim_display>
                         <msrp>64595</msrp>
                         <variation_id>0</variation_id>
                         <drive>4x2</drive>
                         <llp>2TE</llp>
                         <mpg>
                             <hwy>24</hwy>
                             <city>17</city>
                             <disclaimer></disclaimer>
                         </mpg>
                     </wagoneer_l_4x2>
                     <wagoneer_series_ii_4x2>
                         <ccode>CUJ202315WSTH75A</ccode>
                         <active>1</active>
                         <display>Wagoneer Series II 4X2</display>
                         <image>wagoneer4.avif</image>
                         <image_src>client=fcaus</image_src>
                         <trim>series_ii</trim>
                         <trim_display>Series II</trim_display>
                         <msrp>67390</msrp>
                         <variation_id>0</variation_id>
                         <drive>4x2</drive>
                         <llp>2TJ</llp>
                         <mpg>
                             <hwy>24</hwy>
                             <city>17</city>
                             <disclaimer></disclaimer>
                         </mpg>
                     </wagoneer_series_ii_4x2>
                     <wagoneer_l_4x4>
                         <ccode>CUJ202315WSJM76A</ccode>
                         <active>1</active>
                         <display>Wagoneer L 4X4</display>
                         <image>wagoneer5.avif</image>
                         <image_src>client=fcE</image_src>
                         <trim>wagoneer</trim>
                         <trim_display>Wagoneer</trim_display>
                         <msrp>67595</msrp>
                         <variation_id>1</variation_id>
                         <drive>4x4</drive>
                         <llp>2TE</llp>
                         <mpg>
                             <hwy>23</hwy>
                             <city>16</city>
                             <disclaimer></disclaimer>
                         </mpg>
                     </wagoneer_l_4x4>
                     <wagoneer_carbide_4x2>
                         <ccode>CUJ202315WSTH75B</ccode>
                         <active>1</active>
                         <display>Wagoneer Carbide 4X2</display>
                         <image>wagoneer6.avif</image>
                         <image_src>client=fcaus</image_src>
                         <trim>carbide</trim>
                         <trim_display>Carbide</trim_display>
                         <msrp>70390</msrp>
                         <variation_id>0</variation_id>
                         <drive>4x2</drive>
                         <llp>2TF</llp>
                         <mpg>
                             <hwy>24</hwy>
                             <city>17</city>
                             <disclaimer></disclaimer>
                         </mpg>
                     </wagoneer_carbide_4x2>
                     <wagoneer_l_series_ii_4x2>
                         <ccode>CUJ202315WSTH76A</ccode>
                         <active>1</active>
                         <display>Wagoneer L Series II 4X2</display>
                         <image>wagoneer7.avif</image>
                         <image_src>client=fcaus</image_src>
                         <trim>series_ii</trim>
                         <trim_display>Series II</trim_display>
                         <msrp>70390</msrp>
                         <variation_id>0</variation_id>
                         <drive>4x2</drive>
                         <llp>2TJ</llp>
                         <mpg>
                             <hwy>24</hwy>
                             <city>17</city>
                             <disclaimer></disclaimer>
                         </mpg>
                     </wagoneer_l_series_ii_4x2>
                     <wagoneer_series_ii_4x4>
                         <ccode>CUJ202315WSJH75A</ccode>
                         <active>1</active>
                         <display>Wagoneer Series II 4X4</display>
                         <image>wagoneer8.avif</image>
                         <image_src>client=fcaus</image_src>
                         <trim>series_ii</trim>
                         <trim_display>Series II</trim_display>
                         <msrp>70390</msrp>
                         <variation_id>1</variation_id>
                         <drive>4x4</drive>
                         <llp>2TJ</llp>
                         <mpg>
                             <hwy>23</hwy>
                             <city>16</city>
                             <disclaimer></disclaimer>
                         </mpg>
                     </wagoneer_series_ii_4x4>
                     <wagoneer_series_iii_4x2>
                         <ccode>CUJ202315WSTP75A</ccode>
                         <active>1</active>
                         <display>Wagoneer Series III 4X2</display>
                         <image>wagoneer9.avif</image>
                         <image_src>client=fcN</image_src>
                         <trim>series_iii</trim>
                         <trim_display>Series III</trim_display>
                         <msrp>72895</msrp>
                         <variation_id>0</variation_id>
                         <drive>4x2</drive>
                         <llp>2TN</llp>
                         <mpg>
                             <hwy>24</hwy>
                             <city>17</city>
                             <disclaimer></disclaimer>
                         </mpg>
                     </wagoneer_series_iii_4x2>
                     <wagoneer_l_series_ii_4x4>
                         <ccode>CUJ202315WSJH76A</ccode>
                         <active>1</active>
                         <display>Wagoneer L Series II 4X4</display>
                         <image>wagoneer10.avif</image>
                         <image_src>client=fcau</image_src>
                         <trim>series_ii</trim>
                         <trim_display>Series II</trim_display>
                         <msrp>73390</msrp>
                         <variation_id>1</variation_id>
                         <drive>4x4</drive>
                         <llp>2TJ</llp>
                         <mpg>
                             <hwy>23</hwy>
                             <city>16</city>
                             <disclaimer></disclaimer>
                         </mpg>
                     </wagoneer_l_series_ii_4x4>
                     <wagoneer_l_carbide_4x2>
                         <ccode>CUJ202315WSTH76B</ccode>
                         <active>1</active>
                         <display>Wagoneer L Carbide 4X2</display>
                         <image>wagoneer11.avif</image>
                         <image_src>client=fc</image_src>
                         <trim>carbide</trim>
                         <trim_display>Carbide</trim_display>
                         <msrp>73390</msrp>
                         <variation_id>0</variation_id>
                         <drive>4x2</drive>
                         <llp>2TF</llp>
                         <mpg>
                             <hwy>24</hwy>
                             <city>17</city>
                             <disclaimer></disclaimer>
                         </mpg>
                     </wagoneer_l_carbide_4x2>
                     <wagoneer_carbide_4x4>
                         <ccode>CUJ202315WSJH75B</ccode>
                         <active>1</active>
                         <display>Wagoneer Carbide 4X4</display>
                         <image>wagoneer12.avif</image>
                         <image_src>client=fcaus</image_src>
                         <trim>carbide</trim>
                         <trim_display>Carbide</trim_display>
                         <msrp>74085</msrp>
                         <variation_id>1</variation_id>
                         <drive>4x4</drive>
                         <llp>2TF</llp>
                         <mpg>
                             <hwy>23</hwy>
                             <city>16</city>
                             <disclaimer></disclaimer>
                         </mpg>
                     </wagoneer_carbide_4x4>
                     <wagoneer_series_iii_4x4>
                         <ccode>CUJ202315WSJP75A</ccode>
                         <active>1</active>
                         <display>Wagoneer Series III 4X4</display>
                         <image>wagoneer13.avif</image>
                         <image_src>client=fc</image_src>
                         <trim>series_iii</trim>
                         <trim_display>Series III</trim_display>
                         <msrp>75895</msrp>
                         <variation_id>1</variation_id>
                         <drive>4x4</drive>
                         <llp>2TN</llp>
                         <mpg>
                             <hwy>23</hwy>
                             <city>16</city>
                             <disclaimer></disclaimer>
                         </mpg>
                     </wagoneer_series_iii_4x4>
                     <wagoneer_l_series_iii_4x2>
                         <ccode>CUJ202315WSTP76A</ccode>
                         <active>1</active>
                         <display>Wagoneer L Series III 4X2</display>
                         <image>wagoneer14.avif</image>
                         <image_src>client=fcaus</image_src>
                         <trim>series_iii</trim>
                         <trim_display>Series III</trim_display>
                         <msrp>75895</msrp>
                         <variation_id>0</variation_id>
                         <drive>4x2</drive>
                         <llp>2TN</llp>
                         <mpg>
                             <hwy>24</hwy>
                             <city>17</city>
                             <disclaimer></disclaimer>
                         </mpg>
                     </wagoneer_l_series_iii_4x2>
                     <wagoneer_l_carbide_4x4>
                         <ccode>CUJ202315WSJH76B</ccode>
                         <active>1</active>
                         <display>Wagoneer L Carbide 4X4</display>
                         <image>wagoneer15.avif</image>
                         <image_src>client=fc</image_src>
                         <trim>carbide</trim>
                         <trim_display>Carbide</trim_display>
                         <msrp>77085</msrp>
                         <variation_id>1</variation_id>
                         <drive>4x4</drive>
                         <llp>2TF</llp>
                         <mpg>
                             <hwy>23</hwy>
                             <city>16</city>
                             <disclaimer></disclaimer>
                         </mpg>
                     </wagoneer_l_carbide_4x4>
                     <wagoneer_l_series_iii_4x4>
                         <ccode>CUJ202315WSJP76A</ccode>
                         <active>1</active>
                         <display>Wagoneer L Series III 4X4</display>
                         <image>wagoneer16.avif</image>
                         <image_src>client=f</image_src>
                         <trim>series_iii</trim>
                         <trim_display>Series III</trim_display>
                         <msrp>78895</msrp>
                         <variation_id>1</variation_id>
                         <drive>4x4</drive>
                         <llp>2TN</llp>
                         <mpg>
                             <hwy>23</hwy>
                             <city>16</city>
                             <disclaimer></disclaimer>
                         </mpg>
                     </wagoneer_l_series_iii_4x4>
                 </models>
                 <drives>
                     <id>0</id>
                     <name>4x2</name>
                 </drives>
                 <drives>
                     <id>1</id>
                     <name>4x4</name>
                 </drives>
             </wagoneer>