<Wringer>
                 <active>0</active>
                 <display>DM</display>
                 <myc>CUJ202310</myc>
                 <base>Wringer_2door_sport_4x4</base>
                 <mpg>Wringer_2door_willys_sport_4x4</mpg>
                 <trims>sahara_altitude</trims>
                 <trims>sport_rhd</trims>
                 <trims>willys</trims>
                 <trims>freedom</trims>
                 <trims>sahara</trims>
                 <trims>rubicon</trims>
                 <trims>sport</trims>
                 <trims>high_tide</trims>
                 <trims>willys_sport</trims>
                 <trims>sport_altitude</trims>
                 <trims>sport_s</trims>
                 <trims>high_altitude</trims>
                 <trims>rubicon_392</trims>
                 <models>
                     <Wringer_2door_sport_4x4>
                         <ccode>CUJ202310JLJL72A</ccode>
                         <active>1</active>
                         <display>DM 2-DOOR SPORT 4X4</display>
                         <image_src>client=fcausandmarket=Uandbrand=Jandvehicle=2023_JLandpaint=PW7andfabric=T5andsa=JLJL72,2TB,22B</image_src>
                         <trim>sport</trim>
                         <trim_display>Sport</trim_display>
                         <msrp>31195</msrp>
                         <variation_id>0</variation_id>
                         <drive>2-Door-door</drive>
                         <llp>2TB</llp>
                         <mpg>
                             <hwy>25</hwy>
                             <city>17</city>
                             <disclaimer></disclaimer>
                         </mpg>
                     </Wringer_2door_sport_4x4>
                     <Wringer_2door_willys_sport_4x4>
                         <ccode>CUJ202310JLJL72F</ccode>
                         <active>1</active>
                         <display>DM 2-DOOR WILLYS SPORT 4X4</display>
                         <image_src>client=fcausandmarket=Uandbrand=Jandvehicle=2023_JLandpaint=PJFandfabric=T5andsa=JLJL72,2TK,22K</image_src>
                         <trim>willys_sport</trim>
                         <trim_display>Willys Sport</trim_display>
                         <msrp>34685</msrp>
                         <variation_id>0</variation_id>
                         <drive>2-Door-door</drive>
                         <llp>2TK</llp>
                         <mpg>
                             <hwy>25</hwy>
                             <city>17</city>
                             <disclaimer></disclaimer>
                         </mpg>
                     </Wringer_2door_willys_sport_4x4>
                     <Wringer_2door_sport_s_4x4>
                         <ccode>CUJ202310JLJL72B</ccode>
                         <active>1</active>
                         <display>DM 2-DOOR SPORT S 4X4</display>
                         <image_src>client=fcausandmarket=Uandbrand=Jandvehicle=2023_JLandpaint=PBJandfabric=T5andsa=JLJL72,2TS,22S</image_src>
                         <trim>sport_s</trim>
                         <trim_display>Sport S</trim_display>
                         <msrp>35190</msrp>
                         <variation_id>0</variation_id>
                         <drive>2-Door-door</drive>
                         <llp>2TS</llp>
                         <mpg>
                             <hwy>25</hwy>
                             <city>17</city>
                             <disclaimer></disclaimer>
                         </mpg>
                     </Wringer_2door_sport_s_4x4>
                     <Wringer_4door_sport_4x4>
                         <ccode>CUJ202310JLJL74A</ccode>
                         <active>1</active>
                         <display>DM 4-DOOR SPORT 4X4</display>
                         <image_src>client=fcausandmarket=Uandbrand=Jandvehicle=2023_JLandpaint=PRCandfabric=T5andsa=JLJL74,2TB,22B</image_src>
                         <trim>sport</trim>
                         <trim_display>Sport</trim_display>
                         <msrp>35195</msrp>
                         <variation_id>1</variation_id>
                         <drive>4-Door-door</drive>
                         <llp>2TB</llp>
                         <mpg>
                             <hwy>23</hwy>
                             <city>17</city>
                             <disclaimer></disclaimer>
                         </mpg>
                     </Wringer_4door_sport_4x4>
                     <Wringer_2door_freedom_4x4>
                         <ccode>CUJ202310JLJL72E</ccode>
                         <active>1</active>
                         <display>DM 2-DOOR FREEDOM 4X4</display>
                         <image_src>client=fcausandmarket=Uandbrand=Jandvehicle=2023_JLandpaint=PW7andfabric=T5andsa=JLJL72,2TF,22F</image_src>
                         <trim>freedom</trim>
                         <trim_display>Freedom</trim_display>
                         <msrp>37690</msrp>
                         <variation_id>0</variation_id>
                         <drive>2-Door-door</drive>
                         <llp>2TF</llp>
                         <mpg>
                             <hwy>25</hwy>
                             <city>17</city>
                             <disclaimer></disclaimer>
                         </mpg>
                     </Wringer_2door_freedom_4x4>
                     <Wringer_4door_willys_sport_4x4>
                         <ccode>CUJ202310JLJL74G</ccode>
                         <active>1</active>
                         <display>DM 4-DOOR WILLYS SPORT 4X4</display>
                         <image_src>client=fcausandmarket=Uandbrand=Jandvehicle=2023_JLandpaint=PGPandfabric=T5andsa=JLJL74,2TK,22K</image_src>
                         <trim>willys_sport</trim>
                         <trim_display>Willys Sport</trim_display>
                         <msrp>38190</msrp>
                         <variation_id>1</variation_id>
                         <drive>4-Door-door</drive>
                         <llp>2TK</llp>
                         <mpg>
                             <hwy>23</hwy>
                             <city>17</city>
                             <disclaimer></disclaimer>
                         </mpg>
                     </Wringer_4door_willys_sport_4x4>
                     <Wringer_2door_willys_4x4>
                         <ccode>CUJ202310JLJL72D</ccode>
                         <active>1</active>
                         <display>DM 2-DOOR WILLYS 4X4</display>
                         <image_src>client=fcausandmarket=Uandbrand=Jandvehicle=2023_JLandpaint=PGGandfabric=T5andsa=JLJL72,2TW,22W</image_src>
                         <trim>willys</trim>
                         <trim_display>Willys</trim_display>
                         <msrp>38685</msrp>
                         <variation_id>0</variation_id>
                         <drive>2-Door-door</drive>
                         <llp>2TW</llp>
                         <mpg>
                             <hwy>25</hwy>
                             <city>17</city>
                             <disclaimer></disclaimer>
                         </mpg>
                     </Wringer_2door_willys_4x4>
                     <Wringer_4door_sport_s_4x4>
                         <ccode>CUJ202310JLJL74B</ccode>
                         <active>1</active>
                         <display>DM 4-DOOR SPORT S 4X4</display>
                         <image_src>client=fcausandmarket=Uandbrand=Jandvehicle=2023_JLandpaint=PHTandfabric=T5andsa=JLJL74,2TS,22S</image_src>
                         <trim>sport_s</trim>
                         <trim_display>Sport S</trim_display>
                         <msrp>38695</msrp>
                         <variation_id>1</variation_id>
                         <drive>4-Door-door</drive>
                         <llp>2TS</llp>
                         <mpg>
                             <hwy>23</hwy>
                             <city>17</city>
                             <disclaimer></disclaimer>
                         </mpg>
                     </Wringer_4door_sport_s_4x4>
                     <Wringer_4door_freedom_4x4>
                         <ccode>CUJ202310JLJL74F</ccode>
                         <active>1</active>
                         <display>DM 4-DOOR FREEDOM 4X4</display>
                         <image_src>client=fcausandmarket=Uandbrand=Jandvehicle=2023_JLandpaint=PRCandfabric=T5andsa=JLJL74,2TF,22F</image_src>
                         <trim>freedom</trim>
                         <trim_display>Freedom</trim_display>
                         <msrp>41690</msrp>
                         <variation_id>1</variation_id>
                         <drive>4-Door-door</drive>
                         <llp>2TF</llp>
                         <mpg>
                             <hwy>23</hwy>
                             <city>17</city>
                             <disclaimer></disclaimer>
                         </mpg>
                     </Wringer_4door_freedom_4x4>
                     <Wringer_4door_sport_altitude_4x4>
                         <ccode>CUJ202310JLJL74C</ccode>
                         <active>1</active>
                         <display>DM 4-DOOR SPORT ALTITUDE 4X4</display>
                         <image_src>client=fcausandmarket=Uandbrand=Jandvehicle=2023_JLandpaint=PBJandfabric=T5andsa=JLJL74,2TL,22L</image_src>
                         <trim>sport_altitude</trim>
                         <trim_display>Sport Altitude</trim_display>
                         <msrp>41985</msrp>
                         <variation_id>1</variation_id>
                         <drive>4-Door-door</drive>
                         <llp>2TL</llp>
                         <mpg>
                             <hwy>23</hwy>
                             <city>17</city>
                             <disclaimer></disclaimer>
                         </mpg>
                     </Wringer_4door_sport_altitude_4x4>
                     <Wringer_4door_willys_4x4>
                         <ccode>CUJ202310JLJL74E</ccode>
                         <active>1</active>
                         <display>DM 4-DOOR WILLYS 4X4</display>
                         <image_src>client=fcausandmarket=Uandbrand=Jandvehicle=2023_JLandpaint=PGGandfabric=T5andsa=JLJL74,2TW,22W</image_src>
                         <trim>willys</trim>
                         <trim_display>Willys</trim_display>
                         <msrp>42190</msrp>
                         <variation_id>1</variation_id>
                         <drive>4-Door-door</drive>
                         <llp>2TW</llp>
                         <mpg>
                             <hwy>23</hwy>
                             <city>17</city>
                             <disclaimer></disclaimer>
                         </mpg>
                     </Wringer_4door_willys_4x4>
                     <Wringer_2door_rubicon_4x4>
                         <ccode>CUJ202310JLJS72A</ccode>
                         <active>1</active>
                         <display>DM 2-DOOR RUBICON 4X4</display>
                         <image_src>client=fcausandmarket=Uandbrand=Jandvehicle=2023_JLandpaint=PHTandfabric=TVandsa=JLJS72,2TR,22R</image_src>
                         <trim>rubicon</trim>
                         <trim_display>Rubicon</trim_display>
                         <msrp>43295</msrp>
                         <variation_id>0</variation_id>
                         <drive>2-Door-door</drive>
                         <llp>2TR</llp>
                         <mpg>
                             <hwy>25</hwy>
                             <city>17</city>
                             <disclaimer></disclaimer>
                         </mpg>
                     </Wringer_2door_rubicon_4x4>
                     <Wringer_4door_sahara_4x4>
                         <ccode>CUJ202310JLJP74A</ccode>
                         <active>1</active>
                         <display>DM 4-DOOR SAHARA 4X4</display>
                         <image_src>client=fcausandmarket=Uandbrand=Jandvehicle=2023_JLandpaint=PJFandfabric=T5andsa=JLJP74,2TG,22G</image_src>
                         <trim>sahara</trim>
                         <trim_display>Sahara</trim_display>
                         <msrp>46420</msrp>
                         <variation_id>1</variation_id>
                         <drive>4-Door-door</drive>
                         <llp>2TG</llp>
                         <mpg>
                             <hwy>24</hwy>
                             <city>21</city>
                             <disclaimer></disclaimer>
                         </mpg>
                     </Wringer_4door_sahara_4x4>
                     <Wringer_4door_sport_rhd>
                         <ccode>CUJ202310JLUL74A</ccode>
                         <active>1</active>
                         <display>DM 4-DOOR SPORT RHD</display>
                         <image_src>COSY-ZT-100-1713uLDEMTV1ryKIw0XaBckEKH3dJvNR2kSXstdzJTmtJdgQS%25aP0DNDa%25kCdITHmYMK1aWEJA6oR3JEjzt44P%255Adv4J5IQxbk0Zk1i%25tGBe4vEbw%25u2U</image_src>
                         <trim>sport_rhd</trim>
                         <trim_display>Sport RHD</trim_display>
                         <msrp>47290</msrp>
                         <variation_id>2</variation_id>
                         <drive>4-door</drive>
                         <llp>2TA</llp>
                         <mpg>
                             <hwy>24</hwy>
                             <city>21</city>
                             <disclaimer></disclaimer>
                         </mpg>
                     </Wringer_4door_sport_rhd>
                     <Wringer_4door_rubicon_4x4>
                         <ccode>CUJ202310JLJS74A</ccode>
                         <active>1</active>
                         <display>DM 4-DOOR RUBICON 4X4</display>
                         <image_src>client=fcausandmarket=Uandbrand=Jandvehicle=2023_JLandpaint=PHTandfabric=TVandsa=JLJS74,2TR,22R</image_src>
                         <trim>rubicon</trim>
                         <trim_display>Rubicon</trim_display>
                         <msrp>47495</msrp>
                         <variation_id>1</variation_id>
                         <drive>4-Door-door</drive>
                         <llp>2TR</llp>
                         <mpg>
                             <hwy>23</hwy>
                             <city>17</city>
                             <disclaimer></disclaimer>
                         </mpg>
                     </Wringer_4door_rubicon_4x4>
                     <Wringer_4door_sahara_altitude_4x4>
                         <ccode>CUJ202310JLJP74C</ccode>
                         <active>1</active>
                         <display>DM 4-DOOR SAHARA ALTITUDE 4X4</display>
                         <image_src>client=fcausandmarket=Uandbrand=Jandvehicle=2023_JLandpaint=PJFandfabric=T5andsa=JLJP74,2TL,22L</image_src>
                         <trim>sahara_altitude</trim>
                         <trim_display>Sahara Altitude</trim_display>
                         <msrp>51020</msrp>
                         <variation_id>1</variation_id>
                         <drive>4-Door-door</drive>
                         <llp>2TL</llp>
                         <mpg>
                             <hwy>24</hwy>
                             <city>21</city>
                             <disclaimer></disclaimer>
                         </mpg>
                     </Wringer_4door_sahara_altitude_4x4>
                     <Wringer_4door_high_tide_4x4>
                         <ccode>CUJ202310JLJL74D</ccode>
                         <active>1</active>
                         <display>DM 4-DOOR HIGH TIDE 4X4</display>
                         <image_src>client=fcausandmarket=Uandbrand=Jandvehicle=2023_JLandpaint=PJFandfabric=X9andsa=JLJL74,2TD,25D</image_src>
                         <trim>high_tide</trim>
                         <trim_display>High Tide</trim_display>
                         <msrp>52035</msrp>
                         <variation_id>1</variation_id>
                         <drive>4-Door-door</drive>
                         <llp>2TD</llp>
                         <mpg>
                             <hwy>24</hwy>
                             <city>19</city>
                             <disclaimer></disclaimer>
                         </mpg>
                     </Wringer_4door_high_tide_4x4>
                     <Wringer_4door_high_altitude_4x4>
                         <ccode>CUJ202310JLJP74E</ccode>
                         <active>1</active>
                         <display>DM 4-DOOR HIGH ALTITUDE 4X4</display>
                         <image_src>client=fcausandmarket=Uandbrand=Jandvehicle=2023_JLandpaint=PBJandfabric=T5andsa=JLJP74,2TN,22N</image_src>
                         <trim>high_altitude</trim>
                         <trim_display>High Altitude</trim_display>
                         <msrp>55515</msrp>
                         <variation_id>1</variation_id>
                         <drive>4-Door-door</drive>
                         <llp>2TN</llp>
                         <mpg>
                             <hwy>24</hwy>
                             <city>21</city>
                             <disclaimer></disclaimer>
                         </mpg>
                     </Wringer_4door_high_altitude_4x4>
                     <Wringer_4door_rubicon_392>
                         <ccode>CUJ202310JLJX74A</ccode>
                         <active>1</active>
                         <display>DM 4-DOOR RUBICON 392</display>
                         <image_src>client=fcausandmarket=Uandbrand=Jandvehicle=2023_JLandpaint=PAUandfabric=X9andsa=JLJX74,2TX,27X</image_src>
                         <trim>rubicon_392</trim>
                         <trim_display>Rubicon 392</trim_display>
                         <msrp>82495</msrp>
                         <variation_id>1</variation_id>
                         <drive>4-Door-door</drive>
                         <llp>2TX</llp>
                         <mpg>
                             <hwy>17</hwy>
                             <city>13</city>
                             <disclaimer></disclaimer>
                         </mpg>
                     </Wringer_4door_rubicon_392>
                 </models>
                 <drives>
                     <id>0</id>
                     <name>2-Door-door</name>
                 </drives>
                 <drives>
                     <id>1</id>
                     <name>4-Door-door</name>
                 </drives>
                 <drives>
                     <id>2</id>
                     <name>4-door</name>
                 </drives>
             </Wringer>
             