<wringer>
                 <active>1</active>
                 <display>DM</display>
                 <myc>CUJ202410</myc>
                 <base>Wringer_2door_sport</base>
                 <mpg>Wringer_4door_rubicon_392</mpg>
                 <trims>rubicon_392_final_edition</trims>
                 <trims>sport</trims>
                 <trims>sport_s</trims>
                 <trims>sahara</trims>
                 <trims>rubicon</trims>
                 <trims>rubicon_x</trims>
                 <trims>rubicon_392</trims>
                 <trims>willys</trims>
                 <models>
                     <Wringer_2door_sport>
                         <ccode>CUJ202410JLJL72A</ccode>
                         <active>1</active>
                         <display>DM 2-DOOR SPORT</display>
                         <image>wringer1.avif</image>
                         <trim>sport</trim>
                         <trim_display>Sport</trim_display>
                         <msrp>31995</msrp>
                         <variation_id>0</variation_id>
                         <drive>2-Door-door</drive>
                         <llp>2TB</llp>
                         <mpg>
                             <hwy>25</hwy>
                             <city>17</city>
                             <disclaimer></disclaimer>
                         </mpg>
                     </Wringer_2door_sport>
                     <Wringer_2door_sport_s>
                         <ccode>CUJ202410JLJL72B</ccode>
                         <active>1</active>
                         <display>DM 2-DOOR SPORT S</display>
                         <image>wringer2.avif</image>
                         <trim>sport_s</trim>
                         <trim_display>Sport S</trim_display>
                         <msrp>35595</msrp>
                         <variation_id>0</variation_id>
                         <drive>2-Door-door</drive>
                         <llp>2TS</llp>
                         <mpg>
                             <hwy>25</hwy>
                             <city>17</city>
                             <disclaimer></disclaimer>
                         </mpg>
                     </Wringer_2door_sport_s>
                     <Wringer_4door_sport>
                         <ccode>CUJ202410JLJL74A</ccode>
                         <active>1</active>
                         <display>DM 4-DOOR SPORT</display>
                         <image>wringer1.avif</image>
                         <trim>sport</trim>
                         <trim_display>Sport</trim_display>
                         <msrp>36595</msrp>
                         <variation_id>1</variation_id>
                         <drive>4-Door-door</drive>
                         <llp>2TB</llp>
                         <mpg>
                             <hwy>23</hwy>
                             <city>17</city>
                             <disclaimer></disclaimer>
                         </mpg>
                     </Wringer_4door_sport>
                     <Wringer_2door_willys>
                         <ccode>CUJ202410JLJL72D</ccode>
                         <active>1</active>
                         <display>DM 2-DOOR WILLYS</display>
                         <image>wringer7.avif</image>
                         <trim>willys</trim>
                         <trim_display>Willys</trim_display>
                         <msrp>40090</msrp>
                         <variation_id>0</variation_id>
                         <drive>2-Door-door</drive>
                         <llp>2TW</llp>
                         <mpg>
                             <hwy>25</hwy>
                             <city>17</city>
                             <disclaimer></disclaimer>
                         </mpg>
                     </Wringer_2door_willys>
                     <Wringer_4door_sport_s>
                         <ccode>CUJ202410JLJL74B</ccode>
                         <active>1</active>
                         <display>DM 4-DOOR SPORT S</display>
                         <image>wringer2.avif</image>
                         <trim>sport_s</trim>
                         <trim_display>Sport S</trim_display>
                         <msrp>40690</msrp>
                         <variation_id>1</variation_id>
                         <drive>4-Door-door</drive>
                         <llp>2TS</llp>
                         <mpg>
                             <hwy>23</hwy>
                             <city>17</city>
                             <disclaimer></disclaimer>
                         </mpg>
                     </Wringer_4door_sport_s>
                     <Wringer_4door_willys>
                         <ccode>CUJ202410JLJL74E</ccode>
                         <active>1</active>
                         <display>DM 4-DOOR WILLYS</display>
                         <image>wringer7.avif</image>
                         <trim>willys</trim>
                         <trim_display>Willys</trim_display>
                         <msrp>44590</msrp>
                         <variation_id>1</variation_id>
                         <drive>4-Door-door</drive>
                         <llp>2TW</llp>
                         <mpg>
                             <hwy>23</hwy>
                             <city>17</city>
                             <disclaimer></disclaimer>
                         </mpg>
                     </Wringer_4door_willys>
                     <Wringer_2door_rubicon>
                         <ccode>CUJ202410JLJS72A</ccode>
                         <active>1</active>
                         <display>DM 2-DOOR RUBICON</display>
                         <image>wringer5.avif</image>
                         <trim>rubicon</trim>
                         <trim_display>Rubicon</trim_display>
                         <msrp>47390</msrp>
                         <variation_id>0</variation_id>
                         <drive>2-Door-door</drive>
                         <llp>2TR</llp>
                         <mpg>
                             <hwy>25</hwy>
                             <city>17</city>
                             <disclaimer></disclaimer>
                         </mpg>
                     </Wringer_2door_rubicon>
                     <Wringer_4door_sahara>
                         <ccode>CUJ202410JLJP74A</ccode>
                         <active>1</active>
                         <display>DM 4-DOOR SAHARA</display>
                         <image>wringer3.avif</image>
                         <trim>sahara</trim>
                         <trim_display>Sahara</trim_display>
                         <msrp>49790</msrp>
                         <variation_id>1</variation_id>
                         <drive>4-Door-door</drive>
                         <llp>2TG</llp>
                         <mpg>
                             <hwy>22</hwy>
                             <city>20</city>
                             <disclaimer></disclaimer>
                         </mpg>
                     </Wringer_4door_sahara>
                     <Wringer_4door_rubicon>
                         <ccode>CUJ202410JLJS74A</ccode>
                         <active>1</active>
                         <display>DM 4-DOOR RUBICON</display>
                         <image>wringer5.avif</image>
                         <trim>rubicon</trim>
                         <trim_display>Rubicon</trim_display>
                         <msrp>51890</msrp>
                         <variation_id>1</variation_id>
                         <drive>4-Door-door</drive>
                         <llp>2TR</llp>
                         <mpg>
                             <hwy>23</hwy>
                             <city>17</city>
                             <disclaimer></disclaimer>
                         </mpg>
                     </Wringer_4door_rubicon>
                     <Wringer_2door_rubicon_x>
                         <ccode>CUJ202410JLJS72B</ccode>
                         <active>1</active>
                         <display>DM 2-DOOR RUBICON X</display>
                         <image>wringer6.avif</image>
                         <trim>rubicon_x</trim>
                         <trim_display>Rubicon X</trim_display>
                         <msrp>57390</msrp>
                         <variation_id>0</variation_id>
                         <drive>2-Door-door</drive>
                         <llp>2TY</llp>
                         <mpg>
                             <hwy>25</hwy>
                             <city>17</city>
                             <disclaimer></disclaimer>
                         </mpg>
                     </Wringer_2door_rubicon_x>
                     <Wringer_4door_rubicon_x>
                         <ccode>CUJ202410JLJS74B</ccode>
                         <active>1</active>
                         <display>DM 4-DOOR RUBICON X</display>
                         <image>wringer6.avif</image>
                         <trim>rubicon_x</trim>
                         <trim_display>Rubicon X</trim_display>
                         <msrp>61890</msrp>
                         <variation_id>1</variation_id>
                         <drive>4-Door-door</drive>
                         <llp>2TY</llp>
                         <mpg>
                             <hwy>23</hwy>
                             <city>17</city>
                             <disclaimer></disclaimer>
                         </mpg>
                     </Wringer_4door_rubicon_x>
                     <Wringer_4door_rubicon_392>
                         <ccode>CUJ202410JLJX74A</ccode>
                         <active>1</active>
                         <display>DM 4-DOOR RUBICON 392</display>
                         <image>wringer6.avif</image>
                         <trim>rubicon_392</trim>
                         <trim_display>Rubicon 392</trim_display>
                         <msrp>92140</msrp>
                         <variation_id>1</variation_id>
                         <drive>4-Door-door</drive>
                         <llp>2TX</llp>
                         <mpg>
                             <hwy>0</hwy>
                             <city>0</city>
                             <disclaimer></disclaimer>
                         </mpg>
                     </Wringer_4door_rubicon_392>
                     <Wringer_4door_rubicon_392_final_edition>
                         <ccode>CUJ202410JLJX74C</ccode>
                         <active>1</active>
                         <display>DM 4-DOOR RUBICON 392 FINAL EDITION</display>
                         <image>wringer8.avif</image>
                         <trim>rubicon_392_final_edition</trim>
                         <trim_display>Rubicon 392 Final Edition</trim_display>
                         <msrp>100590</msrp>
                         <variation_id>1</variation_id>
                         <drive>4-Door-door</drive>
                         <llp>2TJ</llp>
                         <mpg>
                             <hwy>16</hwy>
                             <city>13</city>
                             <disclaimer></disclaimer>
                         </mpg>
                     </Wringer_4door_rubicon_392_final_edition>
                 </models>
                 <drives>
                     <id>0</id>
                     <name>2-Door-door</name>
                 </drives>
                 <drives>
                     <id>1</id>
                     <name>4-Door-door</name>
                 </drives>
             </wringer>