<compass>
                 <active>1</active>
                 <display>Compass</display>
                 <myc>CUJ202414</myc>
                 <base>compass_sport_4x4</base>
                 <mpg>compass_sport_4x4</mpg>
                 <trims>sport</trims>
                 <trims>limited</trims>
                 <trims>latitude_lux</trims>
                 <trims>trailhawk</trims>
                 <trims>latitude</trims>
                 <models>
                     <compass_sport_4x4>
                         <ccode>CUJ202414MPJL74A</ccode>
                         <active>1</active>
                         <display>COMPASS SPORT 4X4</display>
                         <image>compass1.avif</image>
                         <trim>sport</trim>
                         <trim_display>Sport</trim_display>
                         <msrp>25900</msrp>
                         <variation_id>0</variation_id>
                         <drive>4x4</drive>
                         <llp>2DA</llp>
                         <mpg>
                             <hwy>32</hwy>
                             <city>24</city>
                             <disclaimer></disclaimer>
                         </mpg>
                     </compass_sport_4x4>
                     <compass_latitude_4x4>
                         <ccode>CUJ202414MPJM74A</ccode>
                         <active>1</active>
                         <display>COMPASS LATITUDE 4X4</display>
                         <image>compass2.avif</image>
                         <trim>latitude</trim>
                         <trim_display>Latitude</trim_display>
                         <msrp>30765</msrp>
                         <variation_id>0</variation_id>
                         <drive>4x4</drive>
                         <llp>2DJ</llp>
                         <mpg>
                             <hwy>32</hwy>
                             <city>24</city>
                             <disclaimer></disclaimer>
                         </mpg>
                     </compass_latitude_4x4>
                     <compass_latitude_lux_4x4>
                         <ccode>CUJ202414MPJE74B</ccode>
                         <active>1</active>
                         <display>COMPASS LATITUDE LUX 4X4</display>
                         <image>compass3.avif</image>
                         <trim>latitude_lux</trim>
                         <trim_display>Latitude Lux</trim_display>
                         <msrp>32490</msrp>
                         <variation_id>0</variation_id>
                         <drive>4x4</drive>
                         <llp>2DL</llp>
                         <mpg>
                             <hwy>32</hwy>
                             <city>24</city>
                             <disclaimer></disclaimer>
                         </mpg>
                     </compass_latitude_lux_4x4>
                     <compass_limited_4x4>
                         <ccode>CUJ202414MPJP74A</ccode>
                         <active>1</active>
                         <display>COMPASS LIMITED 4X4</display>
                         <image>compass4.avif</image>
                         <trim>limited</trim>
                         <trim_display>Limited</trim_display>
                         <msrp>33745</msrp>
                         <variation_id>0</variation_id>
                         <drive>4x4</drive>
                         <llp>2DG</llp>
                         <mpg>
                             <hwy>32</hwy>
                             <city>24</city>
                             <disclaimer></disclaimer>
                         </mpg>
                     </compass_limited_4x4>
                     <compass_trailhawk_4x4>
                         <ccode>CUJ202414MPJH74A</ccode>
                         <active>1</active>
                         <display>COMPASS TRAILHAWK 4X4</display>
                         <image>compass5.avif</image>
                         <trim>trailhawk</trim>
                         <trim_display>Trailhawk</trim_display>
                         <msrp>33895</msrp>
                         <variation_id>0</variation_id>
                         <drive>4x4</drive>
                         <llp>2DE</llp>
                         <mpg>
                             <hwy>32</hwy>
                             <city>24</city>
                             <disclaimer></disclaimer>
                         </mpg>
                     </compass_trailhawk_4x4>
                 </models>
                 <drives>
                     <id>0</id>
                     <name>4x4</name>
                 </drives>
             </compass>